User_ID,Full Name,Date,Age,Gender,Height (cm),Weight (kg),Steps_Taken,Calories_Burned,Hours_Slept,Water_Intake (Liters),Active_Minutes,Heart_Rate (bpm),Workout_Type,Stress_Level (1-10),Mood
1,Sara Martinez,1/1/2023 0:00,19,Female,191,80,11405,1862,7.02120083290263,3.44050840384788,80,84,Yoga,2,Happy
1,Sara Martinez,1/2/2023 0:00,19,Female,191,80,7010,1806,,3.10358994999332,47,72,Cardio,9,Neutral
1,Sara Martinez,1/3/2023 0:00,19,Female,191,80,18942,2274,8.16781653912609,3.81484274847301,46,85,Yoga,6,Sad
1,Sara Martinez,1/4/2023 0:00,19,Female,191,80,13778,2656,7.45355163172433,3.50863571194467,105,77,Yoga,2,Sad
1,Sara Martinez,1/5/2023 0:00,19,Female,191,80,10247,3571,5.13265381686258,,53,61,Yoga,8,Sad
1,Sara Martinez,1/6/2023 0:00,19,Female,191,80,5081,2165,,1.64484400362063,73,80,Yoga,10,Happy
1,Sara Martinez,1/7/2023 0:00,19,Female,191,80,12078,1756,8.98371299301667,2.70112535709771,34,70,Cardio,1,Neutral
1,Sara Martinez,1/8/2023 0:00,19,Female,191,80,18323,3167,6.9250786337591,2.59405568432564,102,88,Yoga,3,Neutral
1,Sara Martinez,1/9/2023 0:00,19,Female,191,80,2366,2344,5.00760005428169,3.80094650771562,,74,Cardio,5,Stressed
1,Sara Martinez,1/10/2023 0:00,19,Female,191,80,11639,3283,8.61924354002465,2.01781235382842,115,80,Yoga,8,Neutral
1,Sara Martinez,1/11/2023 0:00,19,Female,191,80,12493,2263,8.42298927055179,,111,78,Cardio,8,Neutral
1,Sara Martinez,1/12/2023 0:00,19,Female,191,80,11013,2668,4.9202775013405,3.90867386730153,117,,None,3,Happy
1,Sara Martinez,1/13/2023 0:00,19,Female,191,80,12934,2944,4.71537830557468,2.68904475499292,45,72,None,7,Sad
1,Sara Martinez,1/14/2023 0:00,19,Female,191,80,15989,3479,6.40583711604337,1.54247687057562,,61,Yoga,8,Sad
1,Sara Martinez,1/15/2023 0:00,19,Female,191,80,13838,3134,5.7614389833492,,105,96,Cardio,10,Sad
1,Sara Martinez,1/16/2023 0:00,19,Female,191,80,2346,3698,,2.68622551646531,65,80,Strength,10,Happy
1,Sara Martinez,1/17/2023 0:00,19,Female,191,80,14010,2451,4.97292943741873,3.56717932456107,41,70,Cardio,7,Happy
1,Sara Martinez,1/18/2023 0:00,19,Female,191,80,19052,3944,5.03202214332192,3.93647491961208,80,99,Strength,2,Happy
1,Sara Martinez,1/19/2023 0:00,19,Female,191,80,12843,3994,7.34880066966849,3.18100865852234,34,65,Cardio,2,Sad
1,Sara Martinez,1/20/2023 0:00,19,Female,191,80,8875,2523,7.51425138208348,,40,62,None,7,Stressed
1,Sara Martinez,1/21/2023 0:00,19,Female,191,80,14052,2222,4.77049842638007,,107,92,None,5,Neutral
1,Sara Martinez,1/22/2023 0:00,19,Female,191,80,18252,2361,6.6112131130048,3.38036242944988,119,71,Strength,6,Happy
1,Sara Martinez,1/23/2023 0:00,19,Female,191,80,11314,2113,5.2252659376144,1.59678497124118,70,65,Yoga,3,Sad
1,Sara Martinez,1/24/2023 0:00,19,Female,191,80,8031,2598,7.28430030658139,1.65984350172266,89,91,None,10,Happy
1,Sara Martinez,1/25/2023 0:00,19,Female,191,80,18372,2480,4.06653492084625,3.75979490492316,61,,Yoga,8,Neutral
1,Sara Martinez,1/26/2023 0:00,19,Female,191,80,16831,1588,8.51741188103056,2.09479524053529,87,96,None,7,Happy
1,Sara Martinez,1/27/2023 0:00,19,Female,191,80,11654,2069,8.25859810857343,2.94470799122088,47,81,None,4,Stressed
1,Sara Martinez,1/28/2023 0:00,19,Female,191,80,16559,2818,,2.1876533401583,53,88,None,5,Happy
1,Sara Martinez,1/29/2023 0:00,19,Female,191,80,13754,2085,4.29338930301817,1.91322838315197,99,71,Cardio,8,Stressed
1,Sara Martinez,1/30/2023 0:00,19,Female,191,80,11886,1741,8.74767464947432,2.11830069909429,56,70,Strength,7,Stressed
1,Sara Martinez,1/31/2023 0:00,19,Female,191,80,8267,1616,4.45057075373164,1.87062106228857,96,62,Strength,8,Happy
1,Sara Martinez,2/1/2023 0:00,19,Female,191,80,9787,2596,8.20875655076625,2.22146499614371,70,90,Yoga,10,Happy
1,Sara Martinez,2/2/2023 0:00,19,Female,191,80,9575,3249,,,70,66,None,10,Neutral
1,Sara Martinez,2/3/2023 0:00,19,Female,191,80,7754,2825,5.30507103086113,3.07495150853761,67,93,Strength,1,Neutral
1,Sara Martinez,2/4/2023 0:00,19,Female,191,80,10351,3087,4.1667729190166,3.63262539895213,44,89,Yoga,1,Stressed
1,Sara Martinez,2/5/2023 0:00,19,Female,191,80,18453,2053,7.8749387263131,1.71116000215526,62,66,Cardio,2,Neutral
1,Sara Martinez,2/6/2023 0:00,19,Female,191,80,7427,3749,7.54324859207103,1.97466842403518,65,81,Cardio,4,Stressed
1,Sara Martinez,2/7/2023 0:00,19,Female,191,80,3953,3825,5.89974001589479,2.86207667422587,57,95,Cardio,3,Neutral
1,Sara Martinez,2/8/2023 0:00,19,Female,191,80,16095,3026,5.89034156746812,3.66933891799623,47,62,Yoga,8,Happy
1,Sara Martinez,2/9/2023 0:00,19,Female,191,80,13084,3566,6.34217061656216,3.41237626516563,71,89,None,3,Sad
1,Sara Martinez,2/10/2023 0:00,19,Female,191,80,10803,2550,5.46855044230567,1.98698551095675,111,,None,1,Sad
1,Sara Martinez,2/11/2023 0:00,19,Female,191,80,11111,3023,6.81129034385381,3.98060316805679,63,85,Yoga,3,Sad
1,Sara Martinez,2/12/2023 0:00,19,Female,191,80,8798,3055,8.4141361036036,1.85698664791736,95,97,Strength,9,Neutral
1,Sara Martinez,2/13/2023 0:00,19,Female,191,80,14766,2902,5.20177569145496,,113,96,Cardio,6,Happy
1,Sara Martinez,2/14/2023 0:00,19,Female,191,80,4067,3071,4.39416602378384,1.93930945861939,83,82,Cardio,3,Neutral
1,Sara Martinez,2/15/2023 0:00,19,Female,191,80,12370,2758,4.85152892667531,3.5921534535856,36,63,Strength,5,Happy
1,Sara Martinez,2/16/2023 0:00,19,Female,191,80,11994,2958,4.14846444125958,2.36045129270959,90,85,Cardio,1,Neutral
1,Sara Martinez,2/17/2023 0:00,19,Female,191,80,15029,2523,8.92724019506885,2.09988338872177,31,95,Cardio,7,Neutral
1,Sara Martinez,2/18/2023 0:00,19,Female,191,80,18551,3889,4.6496911984738,3.78240399975719,80,81,Yoga,4,Stressed
1,Sara Martinez,2/19/2023 0:00,19,Female,191,80,6910,3069,5.01519217973534,3.77359490285853,,74,Cardio,1,Sad
1,Sara Martinez,2/20/2023 0:00,19,Female,191,80,15670,2952,5.1313368308349,,109,,Yoga,5,Neutral
1,Sara Martinez,2/21/2023 0:00,19,Female,191,80,3376,2428,8.69565759460036,1.72126248054607,70,,None,8,Sad
1,Sara Martinez,2/22/2023 0:00,19,Female,191,80,8334,3052,4.04113451594804,,96,63,Strength,3,Happy
1,Sara Martinez,2/23/2023 0:00,19,Female,191,80,7237,3988,4.60041813569723,2.69274525021204,105,88,None,5,Neutral
1,Sara Martinez,2/24/2023 0:00,19,Female,191,80,8752,1625,7.35761538878335,3.78530648266637,42,,Cardio,10,Stressed
1,Sara Martinez,2/25/2023 0:00,19,Female,191,80,17814,3371,4.73875484927864,1.58386118207605,51,79,Strength,3,Happy
1,Sara Martinez,2/26/2023 0:00,19,Female,191,80,4196,2277,5.67023918739527,,37,60,Cardio,2,Stressed
1,Sara Martinez,2/27/2023 0:00,19,Female,191,80,15499,1971,5.64760724380821,3.8214740358075,87,,Cardio,10,Sad
1,Sara Martinez,2/28/2023 0:00,19,Female,191,80,9910,3989,8.07451173055356,3.4196622466221,,97,Strength,6,Neutral
1,Sara Martinez,3/1/2023 0:00,19,Female,191,80,2217,3231,4.96973876642264,1.98620286715513,111,70,None,2,Sad
1,Sara Martinez,3/2/2023 0:00,19,Female,191,80,19610,2654,8.64659498810591,2.52447775401143,113,99,Strength,5,Stressed
1,Sara Martinez,3/3/2023 0:00,19,Female,191,80,3093,1748,6.56683292956206,3.1451980484425,71,68,Cardio,10,Happy
1,Sara Martinez,3/4/2023 0:00,19,Female,191,80,5058,2605,4.53305662484118,2.48738449786987,69,64,Yoga,8,Neutral
1,Sara Martinez,3/5/2023 0:00,19,Female,191,80,19951,2392,8.24291669751348,2.56064665685359,69,85,Cardio,4,Happy
1,Sara Martinez,3/6/2023 0:00,19,Female,191,80,18410,3101,7.69865551360467,3.24862788596272,74,64,None,3,Stressed
1,Sara Martinez,3/7/2023 0:00,19,Female,191,80,9528,2698,8.1462892863533,3.45496121150096,44,60,Yoga,9,Sad
1,Sara Martinez,3/8/2023 0:00,19,Female,191,80,15057,3494,8.10126726748292,3.09176064523827,48,67,None,1,Sad
1,Sara Martinez,3/9/2023 0:00,19,Female,191,80,5357,2300,8.56548817742154,2.89744878365258,82,64,Strength,7,Stressed
1,Sara Martinez,3/10/2023 0:00,19,Female,191,80,5351,2840,5.84094809429221,3.42991005321571,60,66,None,3,Happy
1,Sara Martinez,3/11/2023 0:00,19,Female,191,80,17780,3036,7.44492174977553,3.64038635306308,96,94,Cardio,9,Happy
1,Sara Martinez,3/12/2023 0:00,19,Female,191,80,2773,3449,5.2158558922786,2.63519413792011,60,91,Cardio,1,Stressed
1,Sara Martinez,3/13/2023 0:00,19,Female,191,80,2453,2682,7.10914152909629,1.97971860975533,69,61,None,4,Happy
1,Sara Martinez,3/14/2023 0:00,19,Female,191,80,17547,2097,8.59535639102501,1.84844578420458,62,,Strength,1,Stressed
1,Sara Martinez,3/15/2023 0:00,19,Female,191,80,6158,2990,,2.68842843768235,106,81,None,10,Happy
1,Sara Martinez,3/16/2023 0:00,19,Female,191,80,17146,2216,8.8959756572267,3.533644992242,71,86,None,10,Neutral
1,Sara Martinez,3/17/2023 0:00,19,Female,191,80,13794,3723,4.93988574107623,,62,80,Yoga,4,Happy
1,Sara Martinez,3/18/2023 0:00,19,Female,191,80,10154,2772,,3.55632156635212,43,91,Strength,1,Sad
1,Sara Martinez,3/19/2023 0:00,19,Female,191,80,14177,3832,7.17945138726654,,58,72,None,1,Happy
1,Sara Martinez,3/20/2023 0:00,19,Female,191,80,19333,2948,6.40447105065299,2.034448092972,43,87,None,9,Happy
1,Sara Martinez,3/21/2023 0:00,19,Female,191,80,10970,1941,5.59095114975064,,64,75,Strength,4,Happy
1,Sara Martinez,3/22/2023 0:00,19,Female,191,80,11664,3052,5.89525877122818,3.603707183946,63,60,Strength,10,Sad
1,Sara Martinez,3/23/2023 0:00,19,Female,191,80,8441,1563,5.09673613424352,1.76471078046166,66,85,Strength,3,Happy
1,Sara Martinez,3/24/2023 0:00,19,Female,191,80,15283,1770,4.43225615727383,3.7816290999097,102,90,None,9,Sad
1,Sara Martinez,3/25/2023 0:00,19,Female,191,80,3807,1881,6.30565676620899,1.97655607929477,96,,Cardio,1,Sad
1,Sara Martinez,3/26/2023 0:00,19,Female,191,80,4459,2506,7.7381913027612,1.96250396881525,76,95,None,4,Neutral
1,Sara Martinez,3/27/2023 0:00,19,Female,191,80,11928,3154,6.93225311812683,3.17489512283632,73,75,Yoga,3,Happy
1,Sara Martinez,3/28/2023 0:00,19,Female,191,80,7687,2473,5.32722685861791,1.5262825362152,85,96,None,6,Stressed
1,Sara Martinez,3/29/2023 0:00,19,Female,191,80,16695,1946,5.80718592025265,3.9834169426551,97,77,Strength,3,Sad
1,Sara Martinez,3/30/2023 0:00,19,Female,191,80,3742,1689,5.70643329787577,2.29700028560093,48,75,Cardio,6,Happy
1,Sara Martinez,3/31/2023 0:00,19,Female,191,80,15088,1984,6.76521852719396,1.5149178380309,107,72,Strength,10,Sad
1,Sara Martinez,4/1/2023 0:00,19,Female,191,80,9748,2310,5.6699391439061,1.71345609307399,48,73,Yoga,7,Happy
1,Sara Martinez,4/2/2023 0:00,19,Female,191,80,11459,3108,,2.95877318705274,36,74,Yoga,3,Sad
1,Sara Martinez,4/3/2023 0:00,19,Female,191,80,6237,3618,8.80821466618415,2.45309236239622,87,62,Cardio,7,Neutral
1,Sara Martinez,4/4/2023 0:00,19,Female,191,80,15063,2001,8.72895741993862,3.79219543999097,108,65,Yoga,1,Happy
1,Sara Martinez,4/5/2023 0:00,19,Female,191,80,18128,1732,8.80912910387565,2.38006911233856,42,83,None,7,Neutral
1,Sara Martinez,4/6/2023 0:00,19,Female,191,80,3417,3198,5.31656040069653,2.51888717542733,91,65,Yoga,10,Stressed
1,Sara Martinez,4/7/2023 0:00,19,Female,191,80,4330,2441,8.88774482451985,2.08332251922887,117,61,None,4,Stressed
1,Sara Martinez,4/8/2023 0:00,19,Female,191,80,18919,3448,7.88768984411343,1.53837774467106,62,,Yoga,9,Stressed
1,Sara Martinez,4/9/2023 0:00,19,Female,191,80,5328,2854,7.36824202979242,2.85338499894629,75,67,None,4,Stressed
1,Sara Martinez,4/10/2023 0:00,19,Female,191,80,2282,1762,7.41588968172193,2.77555222639114,86,91,Strength,6,Stressed
1,Sara Martinez,4/11/2023 0:00,19,Female,191,80,7506,1820,7.82104487590219,3.46802504362832,112,84,None,3,Neutral
1,Sara Martinez,4/12/2023 0:00,19,Female,191,80,11137,3757,7.61352624598733,2.12783635858,118,67,Strength,2,Happy
1,Sara Martinez,4/13/2023 0:00,19,Female,191,80,9942,3999,4.14434207046518,2.33601227830927,80,80,Cardio,8,Sad
1,Sara Martinez,4/14/2023 0:00,19,Female,191,80,19979,1748,8.69613341075061,,92,69,None,1,Happy
1,Sara Martinez,4/15/2023 0:00,19,Female,191,80,15057,1943,6.40679322794511,1.81177691673498,116,68,Yoga,9,Neutral
1,Sara Martinez,4/16/2023 0:00,19,Female,191,80,18024,2282,7.50621704763948,3.99309830362524,49,92,None,7,Sad
1,Sara Martinez,4/17/2023 0:00,19,Female,191,80,9705,3383,5.26127202315369,3.46210465507546,97,91,Yoga,4,Sad
1,Sara Martinez,4/18/2023 0:00,19,Female,191,80,16534,3123,6.12339792580755,3.46958250839151,105,72,None,2,Neutral
1,Sara Martinez,4/19/2023 0:00,19,Female,191,80,10031,3224,6.31246593611464,,41,86,Yoga,2,Sad
1,Sara Martinez,4/20/2023 0:00,19,Female,191,80,10639,2436,5.31843395559275,2.13040830162908,,84,Cardio,2,Neutral
1,Sara Martinez,4/21/2023 0:00,19,Female,191,80,6422,3935,8.6637737773974,2.19437559139558,111,93,Yoga,2,Stressed
1,Sara Martinez,4/22/2023 0:00,19,Female,191,80,14809,1727,,,62,87,None,2,Sad
1,Sara Martinez,4/23/2023 0:00,19,Female,191,80,15122,2537,4.48150824642367,2.40203188751912,51,87,Yoga,5,Sad
1,Sara Martinez,4/24/2023 0:00,19,Female,191,80,8218,2582,,2.63887392481467,80,63,Cardio,1,Happy
1,Sara Martinez,4/25/2023 0:00,19,Female,191,80,11965,2207,7.57433751943348,2.64328073365506,39,84,Yoga,6,Sad
1,Sara Martinez,4/26/2023 0:00,19,Female,191,80,16417,2273,5.81377446306556,3.8515473505564,36,68,Strength,3,Neutral
1,Sara Martinez,4/27/2023 0:00,19,Female,191,80,9465,2504,5.47143752637218,3.45016161662883,117,67,Strength,8,Neutral
1,Sara Martinez,4/28/2023 0:00,19,Female,191,80,13548,2298,5.260381655071,,57,67,Strength,5,Neutral
1,Sara Martinez,4/29/2023 0:00,19,Female,191,80,16377,3902,6.50397272916303,2.07759122559701,81,89,None,4,Happy
1,Sara Martinez,4/30/2023 0:00,19,Female,191,80,9561,3547,5.52436386731534,2.77096575253203,81,61,Strength,10,Stressed
1,Sara Martinez,5/1/2023 0:00,19,Female,191,80,18694,2052,6.71022772975813,,60,61,Strength,2,Neutral
1,Sara Martinez,5/2/2023 0:00,19,Female,191,80,6949,2932,6.74322603743312,1.88578873014244,98,94,Strength,7,Neutral
1,Sara Martinez,5/3/2023 0:00,19,Female,191,80,3075,2684,4.07760569434265,3.52141251437996,37,88,Yoga,7,Sad
1,Sara Martinez,5/4/2023 0:00,19,Female,191,80,5631,1822,7.02843537115303,1.79803603945272,,94,Strength,1,Stressed
1,Sara Martinez,5/5/2023 0:00,19,Female,191,80,15775,3634,8.76260682424374,1.55303185053871,40,76,Yoga,7,Neutral
1,Sara Martinez,5/6/2023 0:00,19,Female,191,80,19544,2578,7.45069330965727,3.55868214712079,83,80,Strength,2,Happy
1,Sara Martinez,5/7/2023 0:00,19,Female,191,80,14353,2401,4.84323362713485,3.37004551281772,100,,Cardio,1,Stressed
1,Sara Martinez,5/8/2023 0:00,19,Female,191,80,6422,2871,,1.52492050323665,,63,Yoga,9,Stressed
1,Sara Martinez,5/9/2023 0:00,19,Female,191,80,17227,3938,5.43991804638436,3.33982236343689,118,67,Cardio,7,Happy
1,Sara Martinez,5/10/2023 0:00,19,Female,191,80,5678,3900,,2.98499888734147,65,82,Strength,2,Sad
1,Sara Martinez,5/11/2023 0:00,19,Female,191,80,11038,2960,4.64539234549704,2.20353928658206,61,81,Yoga,10,Stressed
1,Sara Martinez,5/12/2023 0:00,19,Female,191,80,12790,1721,7.48777342776605,3.09220318818288,112,65,Yoga,5,Sad
1,Sara Martinez,5/13/2023 0:00,19,Female,191,80,16339,1729,5.77093169850041,1.86080356310872,31,99,None,10,Happy
1,Sara Martinez,5/14/2023 0:00,19,Female,191,80,5496,3435,4.88597167670677,3.67032535301197,45,92,Yoga,4,Stressed
1,Sara Martinez,5/15/2023 0:00,19,Female,191,80,17457,2748,5.21453565367775,3.22382583897957,33,92,Cardio,7,Neutral
1,Sara Martinez,5/16/2023 0:00,19,Female,191,80,16623,3488,5.37512839316642,2.0924380301744,31,78,Yoga,4,Neutral
1,Sara Martinez,5/17/2023 0:00,19,Female,191,80,8986,1708,4.77509510241126,3.3047617941806,35,62,Strength,6,Sad
1,Sara Martinez,5/18/2023 0:00,19,Female,191,80,2635,1539,,3.43314807539494,37,61,Yoga,2,Neutral
1,Sara Martinez,5/19/2023 0:00,19,Female,191,80,17547,3730,,3.39144304385789,92,92,Yoga,2,Stressed
1,Sara Martinez,5/20/2023 0:00,19,Female,191,80,11237,3285,7.59521608917411,3.85062495556316,107,62,Yoga,8,Happy
1,Sara Martinez,5/21/2023 0:00,19,Female,191,80,9951,3483,7.52202744884627,,90,97,Strength,5,Stressed
1,Sara Martinez,5/22/2023 0:00,19,Female,191,80,19689,1701,,3.32997831228382,76,62,Yoga,4,Happy
1,Sara Martinez,5/23/2023 0:00,19,Female,191,80,5827,3696,6.121897610355,2.66694326034914,92,65,Strength,5,Happy
1,Sara Martinez,5/24/2023 0:00,19,Female,191,80,12524,3507,6.07454601342673,,94,76,None,3,Stressed
1,Sara Martinez,5/25/2023 0:00,19,Female,191,80,4109,2677,6.12311168278309,3.79198719767284,76,94,Cardio,5,Neutral
1,Sara Martinez,5/26/2023 0:00,19,Female,191,80,15876,2344,5.04319264053483,3.94690554972055,53,98,None,7,Neutral
1,Sara Martinez,5/27/2023 0:00,19,Female,191,80,10254,3009,4.07497012309706,2.42542644903614,96,90,Cardio,8,Stressed
1,Sara Martinez,5/28/2023 0:00,19,Female,191,80,2668,3642,8.82911943998648,,105,99,None,3,Happy
1,Sara Martinez,5/29/2023 0:00,19,Female,191,80,14207,2163,4.01667194074277,2.70886119156874,73,99,Yoga,1,Sad
1,Sara Martinez,5/30/2023 0:00,19,Female,191,80,3271,2849,4.98138386418575,,68,62,Cardio,7,Happy
1,Sara Martinez,5/31/2023 0:00,19,Female,191,80,6845,1901,4.50165989599435,3.41024955653803,52,78,Strength,10,Happy
1,Sara Martinez,6/1/2023 0:00,19,Female,191,80,5567,2513,7.81487289402676,1.93722759396394,39,78,Strength,1,Stressed
1,Sara Martinez,6/2/2023 0:00,19,Female,191,80,19261,2457,8.20774554819668,3.83357819947157,105,95,Cardio,5,Happy
1,Sara Martinez,6/3/2023 0:00,19,Female,191,80,19902,2179,8.63528373474401,2.69467961427786,112,80,Yoga,4,Stressed
1,Sara Martinez,6/4/2023 0:00,19,Female,191,80,15079,2340,5.61215004451963,3.82597055009646,107,72,Strength,6,Happy
1,Sara Martinez,6/5/2023 0:00,19,Female,191,80,5587,1718,4.00601726331619,3.58388061837389,48,92,Yoga,3,Sad
1,Sara Martinez,6/6/2023 0:00,19,Female,191,80,9153,2722,,2.07132099559688,100,79,Strength,9,Neutral
1,Sara Martinez,6/7/2023 0:00,19,Female,191,80,15110,1840,6.67104051274741,1.52014278752966,61,90,Strength,8,Neutral
1,Sara Martinez,6/8/2023 0:00,19,Female,191,80,17569,2312,6.4825995737198,2.83294797415292,114,98,Yoga,9,Sad
1,Sara Martinez,6/9/2023 0:00,19,Female,191,80,5398,3203,6.39121798740348,,76,95,Strength,9,Happy
1,Sara Martinez,6/10/2023 0:00,19,Female,191,80,13858,3307,7.80713113064615,1.8156126016735,81,93,Cardio,1,Neutral
1,Sara Martinez,6/11/2023 0:00,19,Female,191,80,18194,2155,5.47796742326622,3.89783780394257,87,63,Strength,2,Sad
1,Sara Martinez,6/12/2023 0:00,19,Female,191,80,19511,1521,8.00720727237858,3.46267910953682,89,86,Cardio,2,Neutral
1,Sara Martinez,6/13/2023 0:00,19,Female,191,80,13512,1909,6.15415528767949,1.86922401422009,97,99,None,2,Sad
1,Sara Martinez,6/14/2023 0:00,19,Female,191,80,12584,1960,8.59725851220075,2.2898509803812,103,98,Yoga,4,Happy
1,Sara Martinez,6/15/2023 0:00,19,Female,191,80,9881,2052,8.56133068377975,3.90664742154172,118,,Yoga,4,Sad
1,Sara Martinez,6/16/2023 0:00,19,Female,191,80,15257,2419,7.82517483459386,,88,97,None,10,Stressed
1,Sara Martinez,6/17/2023 0:00,19,Female,191,80,17165,2345,7.87591540603867,2.61180037522888,56,74,None,3,Stressed
1,Sara Martinez,6/18/2023 0:00,19,Female,191,80,7500,3672,6.06596282609021,2.5044814971016,114,78,Cardio,10,Stressed
1,Sara Martinez,6/19/2023 0:00,19,Female,191,80,15300,3561,8.77610193575404,3.81866154518381,39,73,None,6,Neutral
1,Sara Martinez,6/20/2023 0:00,19,Female,191,80,4429,1671,8.36293580699058,1.90054767758945,54,98,None,9,Happy
1,Sara Martinez,6/21/2023 0:00,19,Female,191,80,17451,1751,6.34105709913769,2.00590146911324,,64,Cardio,5,Stressed
1,Sara Martinez,6/22/2023 0:00,19,Female,191,80,7068,2836,5.09328644801941,3.93684016676511,56,86,Cardio,3,Sad
1,Sara Martinez,6/23/2023 0:00,19,Female,191,80,3038,3928,4.53666001042286,3.38473461955242,71,79,None,8,Stressed
1,Sara Martinez,6/24/2023 0:00,19,Female,191,80,10179,3295,4.92845116628428,3.54411895813233,100,98,Strength,4,Neutral
1,Sara Martinez,6/25/2023 0:00,19,Female,191,80,10826,3343,8.56732186888228,,84,78,None,10,Stressed
1,Sara Martinez,6/26/2023 0:00,19,Female,191,80,11916,3025,4.35620993635183,3.67453629547487,76,75,Strength,8,Neutral
1,Sara Martinez,6/27/2023 0:00,19,Female,191,80,8696,3153,7.33549205801907,3.80536540162258,73,77,Strength,7,Happy
1,Sara Martinez,6/28/2023 0:00,19,Female,191,80,4243,1594,6.02374019968939,2.22645076811435,38,60,Cardio,2,Sad
1,Sara Martinez,6/29/2023 0:00,19,Female,191,80,19604,3794,7.23560822772079,2.00379510890942,109,86,None,2,Neutral
1,Sara Martinez,6/30/2023 0:00,19,Female,191,80,17802,2320,6.02659480395954,2.22710903140968,,69,Cardio,8,Neutral
1,Sara Martinez,7/1/2023 0:00,19,Female,191,80,10885,2624,5.19559639672389,3.77849641195786,94,91,Cardio,6,Sad
1,Sara Martinez,7/2/2023 0:00,19,Female,191,80,15137,2953,4.08789811606452,3.33972863390534,38,87,Yoga,5,Happy
1,Sara Martinez,7/3/2023 0:00,19,Female,191,80,17428,3935,6.23858576643102,2.21704938736849,42,84,None,10,Sad
1,Sara Martinez,7/4/2023 0:00,19,Female,191,80,18931,3793,5.30294065141351,2.01651294206613,100,61,Strength,8,Happy
1,Sara Martinez,7/5/2023 0:00,19,Female,191,80,3931,3767,5.69754295182816,2.62359481791948,42,68,None,4,Stressed
1,Sara Martinez,7/6/2023 0:00,19,Female,191,80,11785,1562,5.67920240179895,1.94833416743052,95,70,Cardio,3,Happy
1,Sara Martinez,7/7/2023 0:00,19,Female,191,80,19144,3403,6.1608749760574,2.34849391107323,,78,None,8,Stressed
1,Sara Martinez,7/8/2023 0:00,19,Female,191,80,8472,1536,4.51327265752498,3.59936693322819,68,65,None,7,Happy
1,Sara Martinez,7/9/2023 0:00,19,Female,191,80,8197,3076,5.93947114046526,3.6064063029551,62,91,Cardio,9,Neutral
1,Sara Martinez,7/10/2023 0:00,19,Female,191,80,16868,3180,7.08065774920447,2.28440640973662,83,,Cardio,10,Happy
1,Sara Martinez,7/11/2023 0:00,19,Female,191,80,7333,2667,5.0229998757645,3.6372080325118,95,75,Yoga,5,Neutral
1,Sara Martinez,7/12/2023 0:00,19,Female,191,80,12418,3467,5.00264837717536,3.75212726159714,55,,Cardio,10,Neutral
1,Sara Martinez,7/13/2023 0:00,19,Female,191,80,17462,2698,8.83642098310799,2.26498223543355,40,95,Cardio,3,Neutral
1,Sara Martinez,7/14/2023 0:00,19,Female,191,80,5750,3985,6.14363130977994,2.67273008143567,111,80,Yoga,4,Sad
1,Sara Martinez,7/15/2023 0:00,19,Female,191,80,10626,2640,7.02672807169407,1.9165484021239,119,72,Yoga,7,Stressed
1,Sara Martinez,7/16/2023 0:00,19,Female,191,80,10217,1932,8.97780078894899,2.29983476115336,109,74,Strength,6,Stressed
1,Sara Martinez,7/17/2023 0:00,19,Female,191,80,11696,2519,,,90,88,Yoga,1,Sad
1,Sara Martinez,7/18/2023 0:00,19,Female,191,80,7490,1578,5.79064090496614,2.44120183422617,41,79,None,5,Neutral
1,Sara Martinez,7/19/2023 0:00,19,Female,191,80,10231,1882,,3.73125784410335,72,99,None,7,Happy
1,Sara Martinez,7/20/2023 0:00,19,Female,191,80,17608,3466,6.39585059516905,2.71040589211886,52,91,Cardio,6,Stressed
1,Sara Martinez,7/21/2023 0:00,19,Female,191,80,15083,3141,,1.62617248938289,81,98,Strength,2,Sad
1,Sara Martinez,7/22/2023 0:00,19,Female,191,80,12242,3582,7.07686168706858,,79,90,Yoga,7,Stressed
1,Sara Martinez,7/23/2023 0:00,19,Female,191,80,2550,2431,,3.06144818772705,102,93,Cardio,8,Happy
1,Sara Martinez,7/24/2023 0:00,19,Female,191,80,3861,2120,6.98918812712276,,42,78,Strength,8,Stressed
1,Sara Martinez,7/25/2023 0:00,19,Female,191,80,13610,2542,8.93605892962914,2.77428548959668,47,62,Yoga,2,Stressed
1,Sara Martinez,7/26/2023 0:00,19,Female,191,80,13947,1900,8.34660643444506,,115,89,Strength,4,Neutral
1,Sara Martinez,7/27/2023 0:00,19,Female,191,80,4781,3121,6.26909968578909,3.44681826587109,43,91,Cardio,2,Sad
1,Sara Martinez,7/28/2023 0:00,19,Female,191,80,15561,1848,4.44912113135806,2.63728126128216,110,81,None,7,Sad
1,Sara Martinez,7/29/2023 0:00,19,Female,191,80,9085,3506,7.32132709051347,2.16911575305665,64,94,Yoga,4,Happy
1,Sara Martinez,7/30/2023 0:00,19,Female,191,80,19382,3383,4.21172193667709,,118,63,Yoga,6,Stressed
1,Sara Martinez,7/31/2023 0:00,19,Female,191,80,3634,3027,5.91944770557666,2.2591349713163,31,80,Strength,10,Neutral
1,Sara Martinez,8/1/2023 0:00,19,Female,191,80,13872,3800,6.17431265404015,1.75229054880497,92,61,Cardio,7,Happy
1,Sara Martinez,8/2/2023 0:00,19,Female,191,80,9193,2766,,3.33297498317304,43,81,Cardio,9,Neutral
1,Sara Martinez,8/3/2023 0:00,19,Female,191,80,6398,2286,7.36129489795922,2.70900323832934,108,92,Strength,1,Stressed
1,Sara Martinez,8/4/2023 0:00,19,Female,191,80,12443,1900,4.13912912486173,2.95657717462195,52,83,Yoga,10,Sad
1,Sara Martinez,8/5/2023 0:00,19,Female,191,80,7228,3710,8.65192811809788,1.81146697333622,61,74,Strength,3,Happy
1,Sara Martinez,8/6/2023 0:00,19,Female,191,80,15640,3955,4.0570740050815,2.4005614483834,79,71,Cardio,9,Stressed
1,Sara Martinez,8/7/2023 0:00,19,Female,191,80,11992,2334,8.69759892642861,2.55984398541138,44,61,Cardio,7,Sad
1,Sara Martinez,8/8/2023 0:00,19,Female,191,80,7878,2700,5.91791908695274,3.59022633229067,78,76,Strength,5,Neutral
1,Sara Martinez,8/9/2023 0:00,19,Female,191,80,17868,2941,5.3533942744097,3.10067300496378,88,78,Strength,3,Sad
1,Sara Martinez,8/10/2023 0:00,19,Female,191,80,7250,2902,4.99401961668155,2.80174727110807,104,79,Yoga,8,Stressed
1,Sara Martinez,8/11/2023 0:00,19,Female,191,80,14236,2944,8.57964580661797,2.93580426895126,72,74,Cardio,10,Stressed
1,Sara Martinez,8/12/2023 0:00,19,Female,191,80,5372,2450,6.53275324915257,3.71549917219938,44,,None,4,Happy
1,Sara Martinez,8/13/2023 0:00,19,Female,191,80,18026,2045,,1.79329813223039,103,93,Yoga,6,Happy
1,Sara Martinez,8/14/2023 0:00,19,Female,191,80,13527,1954,8.00680969867076,,35,67,Yoga,6,Happy
1,Sara Martinez,8/15/2023 0:00,19,Female,191,80,9710,1795,8.43031528394639,1.53097182127398,57,75,Strength,3,Happy
1,Sara Martinez,8/16/2023 0:00,19,Female,191,80,17201,2662,8.88105997818161,3.31725843305198,86,65,Strength,10,Neutral
1,Sara Martinez,8/17/2023 0:00,19,Female,191,80,11301,2001,5.00768688113491,3.05713735972682,46,99,None,4,Stressed
1,Sara Martinez,8/18/2023 0:00,19,Female,191,80,16233,2481,6.79183672910371,2.8207674428892,37,60,Yoga,8,Sad
1,Sara Martinez,8/19/2023 0:00,19,Female,191,80,3671,3240,6.93834905280443,3.99934763837599,77,98,Cardio,8,Happy
1,Sara Martinez,8/20/2023 0:00,19,Female,191,80,11006,1742,8.12958305797846,,77,93,Cardio,2,Neutral
1,Sara Martinez,8/21/2023 0:00,19,Female,191,80,6269,2372,7.56315856645394,2.99373738998379,61,64,None,9,Stressed
1,Sara Martinez,8/22/2023 0:00,19,Female,191,80,7416,1968,7.65307397519176,1.57508358884702,75,82,Strength,3,Stressed
1,Sara Martinez,8/23/2023 0:00,19,Female,191,80,7545,3502,4.1885627283678,1.86701680434763,63,,Cardio,4,Neutral
1,Sara Martinez,8/24/2023 0:00,19,Female,191,80,13805,3514,5.24853306459857,3.80093665547401,31,99,Yoga,10,Stressed
1,Sara Martinez,8/25/2023 0:00,19,Female,191,80,19134,1566,7.46407999072897,3.40057090568195,82,92,Cardio,6,Stressed
1,Sara Martinez,8/26/2023 0:00,19,Female,191,80,2036,2448,5.41234100407852,1.9747341795061,60,82,Yoga,9,Happy
1,Sara Martinez,8/27/2023 0:00,19,Female,191,80,8804,3298,6.25031539847062,,49,,Yoga,9,Stressed
1,Sara Martinez,8/28/2023 0:00,19,Female,191,80,14948,1941,5.90227943663135,3.95768929219085,91,61,None,6,Stressed
1,Sara Martinez,8/29/2023 0:00,19,Female,191,80,10766,2117,8.22493848305772,3.04426421321642,79,91,Cardio,4,Happy
1,Sara Martinez,8/30/2023 0:00,19,Female,191,80,19944,2541,5.44871582954586,3.92499389185952,61,71,Cardio,9,Happy
1,Sara Martinez,8/31/2023 0:00,19,Female,191,80,3368,1863,4.3186846636085,,55,73,Strength,7,Neutral
1,Sara Martinez,9/1/2023 0:00,19,Female,191,80,10104,3437,7.62327106308543,,41,80,Cardio,10,Happy
1,Sara Martinez,9/2/2023 0:00,19,Female,191,80,7702,2846,4.77976736610948,2.55155132568373,111,99,None,6,Stressed
1,Sara Martinez,9/3/2023 0:00,19,Female,191,80,6454,2692,4.72091640783156,1.89447089463967,33,96,None,3,Stressed
1,Sara Martinez,9/4/2023 0:00,19,Female,191,80,15401,3521,7.42883875959919,2.02015061595533,46,62,Cardio,10,Neutral
1,Sara Martinez,9/5/2023 0:00,19,Female,191,80,8409,3988,,1.6815123869904,83,69,Yoga,3,Sad
1,Sara Martinez,9/6/2023 0:00,19,Female,191,80,7130,2086,8.56384423990729,2.32614213295215,33,61,None,9,Neutral
1,Sara Martinez,9/7/2023 0:00,19,Female,191,80,14167,3015,7.13589718666882,2.12161975277132,74,64,Strength,5,Sad
1,Sara Martinez,9/8/2023 0:00,19,Female,191,80,15078,2869,6.10253372000243,3.57187312993334,87,73,None,5,Sad
1,Sara Martinez,9/9/2023 0:00,19,Female,191,80,5599,1805,4.48638544806977,3.00258303126001,68,68,Cardio,9,Stressed
1,Sara Martinez,9/10/2023 0:00,19,Female,191,80,16762,2432,7.53798298462959,2.81329348979704,73,80,Cardio,5,Sad
1,Sara Martinez,9/11/2023 0:00,19,Female,191,80,8826,3973,6.05056544519631,2.61536699918476,57,66,Cardio,6,Sad
1,Sara Martinez,9/12/2023 0:00,19,Female,191,80,11829,3605,6.6980173532731,3.56207576436204,111,64,None,8,Neutral
1,Sara Martinez,9/13/2023 0:00,19,Female,191,80,2438,3175,,1.56863798831674,108,63,Cardio,9,Neutral
1,Sara Martinez,9/14/2023 0:00,19,Female,191,80,5415,3908,8.4921617275726,2.67364081131775,116,70,None,9,Stressed
1,Sara Martinez,9/15/2023 0:00,19,Female,191,80,7706,3876,6.65251511169142,1.81497010211355,50,86,Cardio,7,Happy
1,Sara Martinez,9/16/2023 0:00,19,Female,191,80,18331,3993,6.5708199165447,2.86700915883221,54,66,Strength,8,Happy
1,Sara Martinez,9/17/2023 0:00,19,Female,191,80,11691,2343,4.16027229464668,3.02279747544258,90,73,Yoga,1,Stressed
1,Sara Martinez,9/18/2023 0:00,19,Female,191,80,15614,1770,8.62486464713149,3.0641161552313,65,76,None,9,Stressed
1,Sara Martinez,9/19/2023 0:00,19,Female,191,80,13741,1865,7.08129126233346,,62,99,Yoga,7,Neutral
1,Sara Martinez,9/20/2023 0:00,19,Female,191,80,11937,2868,8.47052311496038,3.90826568851428,,61,None,9,Sad
1,Sara Martinez,9/21/2023 0:00,19,Female,191,80,16057,3024,8.55899254326217,2.89801606552901,109,92,None,2,Sad
1,Sara Martinez,9/22/2023 0:00,19,Female,191,80,12884,1934,4.49001908624336,3.44195158762422,30,88,Strength,6,Happy
1,Sara Martinez,9/23/2023 0:00,19,Female,191,80,4589,1967,5.97403695236799,3.48157036021338,76,61,None,7,Stressed
1,Sara Martinez,9/24/2023 0:00,19,Female,191,80,13956,2310,6.68047699073013,3.36095849477031,106,78,Strength,3,Neutral
1,Sara Martinez,9/25/2023 0:00,19,Female,191,80,13582,2507,,,83,95,None,5,Stressed
1,Sara Martinez,9/26/2023 0:00,19,Female,191,80,19526,1531,8.06881983385196,2.93402750390016,39,71,Cardio,7,Stressed
1,Sara Martinez,9/27/2023 0:00,19,Female,191,80,18376,1505,6.81458604487439,2.91440438754999,92,76,None,1,Neutral
1,Sara Martinez,9/28/2023 0:00,19,Female,191,80,2014,1688,7.16943170598598,1.88976935771795,78,80,Cardio,6,Neutral
1,Sara Martinez,9/29/2023 0:00,19,Female,191,80,8459,2354,4.59722759314471,2.89168848051807,55,71,Strength,8,Sad
1,Sara Martinez,9/30/2023 0:00,19,Female,191,80,11284,3055,,2.07669703090484,31,74,Cardio,5,Sad
1,Sara Martinez,10/1/2023 0:00,19,Female,191,80,4318,1956,4.59311645795964,2.98759582003974,51,83,Strength,10,Happy
1,Sara Martinez,10/2/2023 0:00,19,Female,191,80,10384,2571,4.06685992714499,,45,79,Yoga,5,Sad
1,Sara Martinez,10/3/2023 0:00,19,Female,191,80,17123,3878,8.71185993914542,2.871576800025,67,,Strength,1,Stressed
1,Sara Martinez,10/4/2023 0:00,19,Female,191,80,11332,3343,5.60715750888092,,75,86,Cardio,6,Neutral
1,Sara Martinez,10/5/2023 0:00,19,Female,191,80,9739,1558,8.41871683036411,3.30677251281934,,83,None,5,Happy
1,Sara Martinez,10/6/2023 0:00,19,Female,191,80,6683,2225,7.73661090707389,3.43135633670143,117,61,None,5,Neutral
1,Sara Martinez,10/7/2023 0:00,19,Female,191,80,9539,2231,6.90921669308296,2.78672622530383,72,75,Cardio,7,Sad
1,Sara Martinez,10/8/2023 0:00,19,Female,191,80,17101,3062,5.44317924589353,3.12317080574775,93,,Cardio,1,Sad
1,Sara Martinez,10/9/2023 0:00,19,Female,191,80,14960,1965,6.36422791585848,3.21217040279198,62,82,None,1,Sad
1,Sara Martinez,10/10/2023 0:00,19,Female,191,80,7760,3112,4.87066859707585,2.35300976465989,98,67,Strength,4,Stressed
1,Sara Martinez,10/11/2023 0:00,19,Female,191,80,13740,2753,7.0931866100639,1.75780125506713,82,84,Yoga,5,Happy
1,Sara Martinez,10/12/2023 0:00,19,Female,191,80,16392,1854,5.81821171732518,3.60780536753918,63,77,None,9,Sad
1,Sara Martinez,10/13/2023 0:00,19,Female,191,80,3583,1676,8.34361867547796,2.38150333107468,103,97,Strength,9,Stressed
1,Sara Martinez,10/14/2023 0:00,19,Female,191,80,13536,3386,8.90914439960188,2.59299811821426,99,,Cardio,2,Stressed
1,Sara Martinez,10/15/2023 0:00,19,Female,191,80,2979,3909,,2.21025789471299,55,65,Cardio,4,Neutral
1,Sara Martinez,10/16/2023 0:00,19,Female,191,80,12976,3787,5.44444638954427,2.77763741304261,96,97,Cardio,8,Stressed
1,Sara Martinez,10/17/2023 0:00,19,Female,191,80,11724,3726,4.17392869239465,3.58452638167784,40,79,Yoga,6,Happy
1,Sara Martinez,10/18/2023 0:00,19,Female,191,80,13313,2306,8.00519286877112,2.25592856970578,36,78,Strength,10,Neutral
1,Sara Martinez,10/19/2023 0:00,19,Female,191,80,2495,1567,4.48041121909008,1.86119451987769,,67,Strength,3,Neutral
1,Sara Martinez,10/20/2023 0:00,19,Female,191,80,15635,3548,6.61876751558124,1.50933669995616,75,88,None,2,Neutral
1,Sara Martinez,10/21/2023 0:00,19,Female,191,80,2800,3330,5.5861656318097,2.06906211915314,112,74,Strength,10,Sad
1,Sara Martinez,10/22/2023 0:00,19,Female,191,80,8257,2514,4.77592905901304,3.44890447444352,,61,Strength,6,Happy
1,Sara Martinez,10/23/2023 0:00,19,Female,191,80,3542,2810,,1.51234586498414,40,81,Strength,8,Neutral
1,Sara Martinez,10/24/2023 0:00,19,Female,191,80,11879,1587,,1.90102465832693,100,92,Yoga,6,Sad
1,Sara Martinez,10/25/2023 0:00,19,Female,191,80,5937,1818,7.43318575806544,3.52524473344831,73,99,Yoga,3,Sad
1,Sara Martinez,10/26/2023 0:00,19,Female,191,80,11411,1688,8.75442176088915,3.45204754598849,60,84,None,1,Stressed
1,Sara Martinez,10/27/2023 0:00,19,Female,191,80,6274,3012,7.12277151402631,,97,98,Yoga,4,Neutral
1,Sara Martinez,10/28/2023 0:00,19,Female,191,80,3668,3369,5.08400933270724,3.76780373901615,110,65,Strength,6,Happy
1,Sara Martinez,10/29/2023 0:00,19,Female,191,80,4494,1545,5.2667789896003,3.75104763970781,52,86,Cardio,4,Stressed
1,Sara Martinez,10/30/2023 0:00,19,Female,191,80,14787,1563,7.53178787934289,3.98455915286087,,73,None,9,Happy
1,Sara Martinez,10/31/2023 0:00,19,Female,191,80,11517,2128,6.59678158867288,1.71792174492096,,96,Yoga,8,Neutral
1,Sara Martinez,11/1/2023 0:00,19,Female,191,80,3227,3969,7.13035130089217,3.46594571966113,99,85,Strength,3,Neutral
1,Sara Martinez,11/2/2023 0:00,19,Female,191,80,9699,3822,8.20723348551291,2.44120104105046,38,81,None,1,Neutral
1,Sara Martinez,11/3/2023 0:00,19,Female,191,80,10386,2163,4.79408508584389,,81,82,Strength,6,Sad
1,Sara Martinez,11/4/2023 0:00,19,Female,191,80,6747,2640,5.86509903549898,,108,81,Strength,8,Stressed
1,Sara Martinez,11/5/2023 0:00,19,Female,191,80,10497,3393,4.58844804102531,2.20887079394159,53,98,Cardio,3,Neutral
1,Sara Martinez,11/6/2023 0:00,19,Female,191,80,5873,2096,5.53038291774178,,44,97,Cardio,5,Neutral
1,Sara Martinez,11/7/2023 0:00,19,Female,191,80,4866,3638,8.15403822092193,1.52094446989433,97,73,None,1,Stressed
1,Sara Martinez,11/8/2023 0:00,19,Female,191,80,10799,2737,5.45321263092434,,59,64,None,5,Happy
1,Sara Martinez,11/9/2023 0:00,19,Female,191,80,12304,3702,4.07000030570293,2.50666817593315,76,95,Yoga,7,Stressed
1,Sara Martinez,11/10/2023 0:00,19,Female,191,80,3054,3682,8.81274368837837,3.38285065072052,56,75,Cardio,2,Neutral
1,Sara Martinez,11/11/2023 0:00,19,Female,191,80,9161,1857,8.55133912151964,1.761849860668,94,96,Strength,10,Happy
1,Sara Martinez,11/12/2023 0:00,19,Female,191,80,15875,1612,8.68939193982839,3.36037778476129,57,94,None,8,Happy
1,Sara Martinez,11/13/2023 0:00,19,Female,191,80,4174,2806,7.83546962028594,1.60598807376978,40,64,Yoga,2,Neutral
1,Sara Martinez,11/14/2023 0:00,19,Female,191,80,7220,3671,6.45810101377542,2.00140516225354,93,99,Yoga,4,Sad
1,Sara Martinez,11/15/2023 0:00,19,Female,191,80,12639,2406,6.57299194695055,3.96694619930542,79,77,Yoga,2,Neutral
1,Sara Martinez,11/16/2023 0:00,19,Female,191,80,18043,2757,7.6210963620001,3.43978036198593,59,,Strength,7,Happy
1,Sara Martinez,11/17/2023 0:00,19,Female,191,80,10847,3178,5.49347097501969,2.36706997526596,40,60,Strength,2,Neutral
1,Sara Martinez,11/18/2023 0:00,19,Female,191,80,14746,2262,,3.16160807270185,,83,Strength,9,Sad
1,Sara Martinez,11/19/2023 0:00,19,Female,191,80,17590,3844,8.03475819632036,2.69204680251767,83,93,Yoga,4,Happy
1,Sara Martinez,11/20/2023 0:00,19,Female,191,80,5782,3772,7.91099748831019,3.55772196133866,78,83,Cardio,7,Happy
1,Sara Martinez,11/21/2023 0:00,19,Female,191,80,17163,3171,4.10374550655632,1.51456572409288,81,84,None,8,Neutral
1,Sara Martinez,11/22/2023 0:00,19,Female,191,80,19224,3892,8.79987012814104,3.96293992224192,37,63,Cardio,3,Sad
1,Sara Martinez,11/23/2023 0:00,19,Female,191,80,14347,1576,4.14120181084435,2.71234695041031,111,71,Yoga,10,Neutral
1,Sara Martinez,11/24/2023 0:00,19,Female,191,80,4416,2056,,,40,78,None,7,Neutral
1,Sara Martinez,11/25/2023 0:00,19,Female,191,80,16816,2903,8.5913428634462,,52,91,Yoga,3,Neutral
1,Sara Martinez,11/26/2023 0:00,19,Female,191,80,13577,3540,7.12669149218807,3.6417609563446,87,71,None,9,Neutral
1,Sara Martinez,11/27/2023 0:00,19,Female,191,80,15945,3329,6.80433371820808,2.57243815835619,92,63,Cardio,9,Happy
1,Sara Martinez,11/28/2023 0:00,19,Female,191,80,15388,3682,,2.2903715042655,80,86,Yoga,6,Stressed
1,Sara Martinez,11/29/2023 0:00,19,Female,191,80,19353,2830,7.57022489159098,2.48709510038472,100,94,Cardio,8,Neutral
1,Sara Martinez,11/30/2023 0:00,19,Female,191,80,13444,2652,6.52658557494443,2.86151696060305,32,75,Cardio,4,Neutral
1,Sara Martinez,12/1/2023 0:00,19,Female,191,80,14752,2212,4.97619127904076,2.1396389879398,82,68,Yoga,6,Happy
1,Sara Martinez,12/2/2023 0:00,19,Female,191,80,14597,2124,,2.08412877446543,91,73,Cardio,6,Sad
1,Sara Martinez,12/3/2023 0:00,19,Female,191,80,12780,3541,4.75128147721929,3.70850596896974,108,85,Cardio,1,Sad
1,Sara Martinez,12/4/2023 0:00,19,Female,191,80,7789,3929,,2.75676264115186,94,60,None,3,Stressed
1,Sara Martinez,12/5/2023 0:00,19,Female,191,80,14393,1679,,2.98784034184753,103,65,Strength,10,Happy
1,Sara Martinez,12/6/2023 0:00,19,Female,191,80,15250,2333,7.01613118227077,2.61926919500368,103,73,None,9,Sad
1,Sara Martinez,12/7/2023 0:00,19,Female,191,80,7243,2091,7.62945329074982,2.53592251508099,33,82,None,6,Neutral
1,Sara Martinez,12/8/2023 0:00,19,Female,191,80,5780,3324,6.97061366105129,3.23761205309425,51,,Yoga,10,Sad
1,Sara Martinez,12/9/2023 0:00,19,Female,191,80,18061,2038,5.50041817138622,1.70221132166877,102,89,Strength,6,Stressed
1,Sara Martinez,12/10/2023 0:00,19,Female,191,80,6929,1614,4.69620301004803,3.48286151944031,93,85,Strength,5,Stressed
1,Sara Martinez,12/11/2023 0:00,19,Female,191,80,14618,3731,8.59482878123461,3.88672343839661,,81,Cardio,2,Stressed
1,Sara Martinez,12/12/2023 0:00,19,Female,191,80,5150,3938,7.07568058490369,3.44946608533676,,86,None,2,Neutral
1,Sara Martinez,12/13/2023 0:00,19,Female,191,80,12044,1773,5.77824826216888,1.97181802645302,102,73,Cardio,4,Neutral
1,Sara Martinez,12/14/2023 0:00,19,Female,191,80,11297,3820,5.55524959662912,1.67446898198157,54,64,Yoga,10,Sad
1,Sara Martinez,12/15/2023 0:00,19,Female,191,80,19711,2179,6.46364359182678,3.34293872324548,102,97,Strength,10,Sad
1,Sara Martinez,12/16/2023 0:00,19,Female,191,80,15047,2187,7.07809767349315,3.10268425618728,34,81,None,9,Sad
1,Sara Martinez,12/17/2023 0:00,19,Female,191,80,10690,3249,6.63259920724602,3.77440894998036,82,96,Strength,3,Neutral
1,Sara Martinez,12/18/2023 0:00,19,Female,191,80,3159,2114,8.89591772313677,2.02667126108299,77,97,None,8,Stressed
1,Sara Martinez,12/19/2023 0:00,19,Female,191,80,4597,3279,4.40318837055741,2.0700141216855,74,97,Yoga,7,Sad
1,Sara Martinez,12/20/2023 0:00,19,Female,191,80,18740,3078,5.89816538252323,3.41530917731246,38,64,None,3,Stressed
1,Sara Martinez,12/21/2023 0:00,19,Female,191,80,17018,3298,5.29659558346441,3.07241684531326,94,80,Yoga,10,Stressed
1,Sara Martinez,12/22/2023 0:00,19,Female,191,80,16339,3597,5.51629449324539,2.68538925582388,87,82,None,3,Stressed
1,Sara Martinez,12/23/2023 0:00,19,Female,191,80,17088,2327,5.76203968993734,2.667380905036,71,71,Cardio,8,Neutral
1,Sara Martinez,12/24/2023 0:00,19,Female,191,80,15519,1856,5.33781925601716,3.7168894314265,82,90,None,2,Neutral
1,Sara Martinez,12/25/2023 0:00,19,Female,191,80,11054,3617,5.05097763000961,3.2414624840822,37,65,Strength,6,Sad
1,Sara Martinez,12/26/2023 0:00,19,Female,191,80,13933,3511,,2.40661097303177,43,67,Yoga,4,Stressed
1,Sara Martinez,12/27/2023 0:00,19,Female,191,80,18348,2759,5.32808679485494,2.36113938624011,105,72,Strength,9,Sad
1,Sara Martinez,12/28/2023 0:00,19,Female,191,80,9091,2834,5.97922345331387,1.59937581080425,103,88,Cardio,7,Happy
1,Sara Martinez,12/29/2023 0:00,19,Female,191,80,13035,2219,8.42424246893885,1.76719615681835,98,63,Yoga,7,Happy
1,Sara Martinez,12/30/2023 0:00,19,Female,191,80,12904,3744,6.61270720111265,,90,97,None,8,Stressed
1,Sara Martinez,12/31/2023 0:00,19,Female,191,80,14840,3222,,3.6385510943061,97,99,None,1,Neutral
